{"cameraMode":{"drawMode":0,"name":"Shaded","section":"Shading Mode"},"sceneLighting":true,"audioPlay":false,"sceneViewState":{"showFog":true,"showMaterialUpdate":false,"showSkybox":true,"showFlares":true,"showImageEffects":true,"showParticleSystems":true},"in2DMode":false,"pivot":{"x":113.31207275390625,"y":-54.072410583496097,"z":25.326400756835939},"rotation":{"x":0.18140257894992829,"y":0.6424164772033691,"z":-0.16030149161815644,"w":0.7271742820739746},"size":159.883056640625,"orthographic":false}