{"cameraMode":{"drawMode":0,"name":"Shaded","section":"Shading Mode"},"sceneLighting":false,"audioPlay":false,"sceneViewState":{"showFog":true,"showMaterialUpdate":false,"showSkybox":false,"showFlares":true,"showImageEffects":true,"showParticleSystems":true,"showVisualEffectGraphs":true,"m_FxEnabled":true},"in2DMode":false,"pivot":{"x":-0.04581928253173828,"y":0.12147223949432373,"z":-0.2817113399505615},"rotation":{"x":0.05757475644350052,"y":0.9401378035545349,"z":-0.20097382366657258,"w":0.26930591464042666},"size":0.8660251498222351,"orthographic":false}