{"cameraMode":{"drawMode":0,"name":"Shaded","section":"Shading Mode"},"sceneLighting":true,"audioPlay":false,"sceneViewState":{"showFog":true,"showMaterialUpdate":false,"showSkybox":true,"showFlares":true,"showImageEffects":true,"showParticleSystems":true,"showVisualEffectGraphs":true,"m_FxEnabled":true},"in2DMode":false,"pivot":{"x":-1.6285419464111329,"y":2.3573169708251955,"z":-2.1319656372070314},"rotation":{"x":0.09758507460355759,"y":-0.34169793128967287,"z":0.035726141184568408,"w":0.934097409248352},"size":9.832375526428223,"orthographic":false}