{"cameraMode":{"drawMode":0,"name":"Shaded","section":"Shading Mode"},"sceneLighting":true,"audioPlay":false,"sceneViewState":{"showFog":true,"showMaterialUpdate":false,"showSkybox":true,"showFlares":true,"showImageEffects":true,"showParticleSystems":true,"showVisualEffectGraphs":true,"m_FxEnabled":true},"in2DMode":false,"pivot":{"x":7.502784729003906,"y":-21.365686416625978,"z":38.767967224121097},"rotation":{"x":0.2794109880924225,"y":0.07623281329870224,"z":-0.02226058393716812,"w":0.9568845629692078},"size":27.572185516357423,"orthographic":false}