{"cameraMode":{"drawMode":0,"name":"Shaded","section":"Shading Mode"},"sceneLighting":true,"audioPlay":false,"sceneViewState":{"showFog":true,"showMaterialUpdate":false,"showSkybox":true,"showFlares":true,"showImageEffects":true,"showParticleSystems":true,"showVisualEffectGraphs":true,"m_FxEnabled":true},"in2DMode":false,"pivot":{"x":42.977638244628909,"y":-15.920005798339844,"z":12.169428825378418},"rotation":{"x":0.15210025012493134,"y":0.6106834411621094,"z":-0.12099790573120117,"w":0.7676587104797363},"size":31.917510986328126,"orthographic":false}