{"cameraMode":{"drawMode":0,"name":"Shaded","section":"Shading Mode"},"sceneLighting":true,"audioPlay":false,"sceneViewState":{"showFog":true,"showMaterialUpdate":false,"showSkybox":true,"showFlares":true,"showImageEffects":true,"showParticleSystems":true,"showVisualEffectGraphs":true,"m_FxEnabled":true},"in2DMode":false,"pivot":{"x":2.5486388206481935,"y":-4.3329572677612309,"z":-62.38597869873047},"rotation":{"x":0.0014978855615481735,"y":0.9969559907913208,"z":-0.07551564276218414,"w":0.019737929105758668},"size":40.419612884521487,"orthographic":false}