{"cameraMode":{"drawMode":0,"name":"Shaded","section":"Shading Mode"},"sceneLighting":true,"audioPlay":false,"sceneViewState":{"showFog":true,"showMaterialUpdate":false,"showSkybox":true,"showFlares":true,"showImageEffects":true,"showParticleSystems":true,"showVisualEffectGraphs":true,"m_FxEnabled":true},"in2DMode":false,"pivot":{"x":8.260530471801758,"y":-25.907268524169923,"z":35.293060302734378},"rotation":{"x":0.32413214445114138,"y":0.10190052539110184,"z":-0.03514350205659866,"w":0.9398539066314697},"size":25.146522521972658,"orthographic":false}